{"cameraMode":{"drawMode":0,"name":"Shaded","section":"Shading Mode"},"sceneLighting":false,"audioPlay":false,"sceneViewState":{"showFog":true,"showMaterialUpdate":false,"showSkybox":true,"showFlares":true,"showImageEffects":true,"showParticleSystems":true},"in2DMode":false,"pivot":{"x":0.1598300039768219,"y":0.021500011906027795,"z":0.0915289968252182},"rotation":{"x":-0.26800140738487246,"y":-0.05718836933374405,"z":0.0159387718886137,"w":-0.9615876078605652},"size":0.4147109389305115,"orthographic":false}