{"cameraMode":{"drawMode":0,"name":"Shaded","section":"Shading Mode"},"sceneLighting":false,"audioPlay":false,"sceneViewState":{"showFog":true,"showMaterialUpdate":false,"showSkybox":true,"showFlares":true,"showImageEffects":true,"showParticleSystems":true},"in2DMode":false,"pivot":{"x":-0.017868399620056154,"y":0.07955198734998703,"z":-0.009041432291269303},"rotation":{"x":-0.009530454874038697,"y":0.723595380783081,"z":-0.009993218816816807,"w":-0.6900862455368042},"size":0.30441057682037356,"orthographic":false}