{"cameraMode":{"drawMode":0,"name":"Shaded","section":"Shading Mode"},"sceneLighting":false,"audioPlay":false,"sceneViewState":{"showFog":true,"showMaterialUpdate":false,"showSkybox":true,"showFlares":true,"showImageEffects":true,"showParticleSystems":true},"in2DMode":false,"pivot":{"x":-0.031189460307359697,"y":0.08151530474424362,"z":-0.05109639838337898},"rotation":{"x":-0.26800140738487246,"y":-0.05718836933374405,"z":0.0159387718886137,"w":-0.9615876078605652},"size":0.04937700554728508,"orthographic":false}