{"cameraMode":{"drawMode":0,"name":"Shaded","section":"Shading Mode"},"sceneLighting":false,"audioPlay":false,"sceneViewState":{"showFog":true,"showMaterialUpdate":false,"showSkybox":true,"showFlares":true,"showImageEffects":true,"showParticleSystems":true},"in2DMode":false,"pivot":{"x":-0.042020149528980258,"y":-0.08475559949874878,"z":0.15239600837230683},"rotation":{"x":-0.38997793197631838,"y":-0.028449296951293947,"z":0.01205529272556305,"w":-0.9203056693077087},"size":0.30041226744651797,"orthographic":false}