{"cameraMode":{"drawMode":0,"name":"Shaded","section":"Shading Mode"},"sceneLighting":false,"audioPlay":false,"sceneViewState":{"showFog":true,"showMaterialUpdate":false,"showSkybox":true,"showFlares":true,"showImageEffects":true,"showParticleSystems":true},"in2DMode":false,"pivot":{"x":0.0004501151852309704,"y":0.10902252793312073,"z":0.007405221462249756},"rotation":{"x":-0.311536580324173,"y":-0.0008578873821534216,"z":0.00028117396868765354,"w":-0.9502337574958801},"size":0.06720317155122757,"orthographic":false}