{"cameraMode":{"drawMode":0,"name":"Shaded","section":"Shading Mode"},"sceneLighting":false,"audioPlay":false,"sceneViewState":{"showFog":true,"showMaterialUpdate":false,"showSkybox":true,"showFlares":true,"showImageEffects":true,"showParticleSystems":true},"in2DMode":false,"pivot":{"x":0.03243785724043846,"y":-0.11648370325565338,"z":0.3602638840675354},"rotation":{"x":-0.26558029651641848,"y":-0.005208686459809542,"z":0.0014349163975566626,"w":-0.964073657989502},"size":0.5094652771949768,"orthographic":false}