{"cameraMode":{"drawMode":0,"name":"Shaded","section":"Shading Mode"},"sceneLighting":false,"audioPlay":false,"sceneViewState":{"showFog":true,"showMaterialUpdate":false,"showSkybox":true,"showFlares":true,"showImageEffects":true,"showParticleSystems":true},"in2DMode":false,"pivot":{"x":-0.02420152723789215,"y":0.0637354701757431,"z":-0.031528741121292117},"rotation":{"x":-0.21751204133033753,"y":0.019614512100815774,"z":-0.004371954128146172,"w":-0.9758507609367371},"size":0.10991612076759339,"orthographic":false}