{"cameraMode":{"drawMode":0,"name":"Shaded","section":"Shading Mode"},"sceneLighting":false,"audioPlay":false,"sceneViewState":{"showFog":true,"showMaterialUpdate":false,"showSkybox":true,"showFlares":true,"showImageEffects":true,"showParticleSystems":true},"in2DMode":false,"pivot":{"x":0.017550308257341386,"y":0.10613086819648743,"z":-0.0046100616455078129},"rotation":{"x":-0.26558029651641848,"y":-0.005208686459809542,"z":0.0014349163975566626,"w":-0.964073657989502},"size":0.15033704042434693,"orthographic":false}