{"cameraMode":{"drawMode":0,"name":"Shaded","section":"Shading Mode"},"sceneLighting":false,"audioPlay":false,"sceneViewState":{"showFog":true,"showMaterialUpdate":false,"showSkybox":true,"showFlares":true,"showImageEffects":true,"showParticleSystems":true},"in2DMode":false,"pivot":{"x":-0.002443380653858185,"y":0.10318060219287873,"z":0.005822591483592987},"rotation":{"x":-0.08508916199207306,"y":0.8939943313598633,"z":-0.19224011898040772,"w":-0.39569908380508425},"size":0.06375449895858765,"orthographic":false}