{"cameraMode":{"drawMode":0,"name":"Shaded","section":"Shading Mode"},"sceneLighting":false,"audioPlay":false,"sceneViewState":{"showFog":true,"showMaterialUpdate":false,"showSkybox":true,"showFlares":true,"showImageEffects":true,"showParticleSystems":true},"in2DMode":false,"pivot":{"x":-0.003431466640904546,"y":0.09745875000953675,"z":0.00007033348083496094},"rotation":{"x":-0.27567845582962038,"y":-0.009518958628177643,"z":0.002730063395574689,"w":-0.9611989259719849},"size":0.11291288584470749,"orthographic":false}