{"cameraMode":{"drawMode":0,"name":"Shaded","section":"Shading Mode"},"sceneLighting":false,"audioPlay":false,"sceneViewState":{"showFog":true,"showMaterialUpdate":false,"showSkybox":true,"showFlares":true,"showImageEffects":true,"showParticleSystems":true},"in2DMode":false,"pivot":{"x":-0.027323028072714807,"y":0.07142680883407593,"z":-0.02084869146347046},"rotation":{"x":-0.2624317407608032,"y":-0.042829301208257678,"z":0.011660373769700528,"w":-0.9639291167259216},"size":0.08260320872068405,"orthographic":false}