{"cameraMode":{"drawMode":0,"name":"Shaded","section":"Shading Mode"},"sceneLighting":false,"audioPlay":false,"sceneViewState":{"showFog":true,"showMaterialUpdate":false,"showSkybox":true,"showFlares":true,"showImageEffects":true,"showParticleSystems":true},"in2DMode":false,"pivot":{"x":-0.022172696888446809,"y":0.09558983892202378,"z":-0.0024633482098579408},"rotation":{"x":-0.27558693289756777,"y":0.026524245738983156,"z":-0.007607374805957079,"w":-0.9608800411224365},"size":0.10234171152114868,"orthographic":false}