{"cameraMode":{"drawMode":0,"name":"Shaded","section":"Shading Mode"},"sceneLighting":false,"audioPlay":false,"sceneViewState":{"showFog":true,"showMaterialUpdate":false,"showSkybox":true,"showFlares":true,"showImageEffects":true,"showParticleSystems":true},"in2DMode":false,"pivot":{"x":0.050452664494514468,"y":-0.05440942943096161,"z":0.3337906002998352},"rotation":{"x":-0.24527505040168763,"y":-0.008146620355546475,"z":0.002061099512502551,"w":-0.969417154788971},"size":0.45720815658569338,"orthographic":false}