{"cameraMode":{"drawMode":0,"name":"Shaded","section":"Shading Mode"},"sceneLighting":false,"audioPlay":false,"sceneViewState":{"showFog":true,"showMaterialUpdate":false,"showSkybox":true,"showFlares":true,"showImageEffects":true,"showParticleSystems":true},"in2DMode":false,"pivot":{"x":-0.03079986572265625,"y":0.12212133407592774,"z":0.009884834289550782},"rotation":{"x":-0.23350302875041963,"y":0.032660990953445438,"z":-0.00784863531589508,"w":-0.9717757105827332},"size":36.57526779174805,"orthographic":false}