{"cameraMode":{"drawMode":0,"name":"Shaded","section":"Shading Mode"},"sceneLighting":false,"audioPlay":false,"sceneViewState":{"showFog":true,"showMaterialUpdate":false,"showSkybox":true,"showFlares":true,"showImageEffects":true,"showParticleSystems":true},"in2DMode":false,"pivot":{"x":-0.009044441394507885,"y":0.08446149528026581,"z":0.032202400267124179},"rotation":{"x":-0.2626956105232239,"y":-0.0023189412895590069,"z":0.0006305855349637568,"w":-0.9648757576942444},"size":0.16291627287864686,"orthographic":false}