{"cameraMode":{"drawMode":0,"name":"Shaded","section":"Shading Mode"},"sceneLighting":false,"audioPlay":false,"sceneViewState":{"showFog":true,"showMaterialUpdate":false,"showSkybox":true,"showFlares":true,"showImageEffects":true,"showParticleSystems":true},"in2DMode":false,"pivot":{"x":0.0004251135396771133,"y":0.09456019103527069,"z":0.05805390700697899},"rotation":{"x":-0.214632049202919,"y":0.0020479217637330295,"z":-0.00045073567889630795,"w":-0.976692795753479},"size":0.11714958399534226,"orthographic":false}