{"cameraMode":{"drawMode":0,"name":"Shaded","section":"Shading Mode"},"sceneLighting":false,"audioPlay":false,"sceneViewState":{"showFog":true,"showMaterialUpdate":false,"showSkybox":true,"showFlares":true,"showImageEffects":true,"showParticleSystems":true},"in2DMode":false,"pivot":{"x":-0.0032237153500318529,"y":-0.11485680192708969,"z":0.2916033864021301},"rotation":{"x":-0.2626747488975525,"y":-0.011002310551702977,"z":0.002994738519191742,"w":-0.9648171067237854},"size":0.4676274359226227,"orthographic":false}