{"cameraMode":{"drawMode":0,"name":"Shaded","section":"Shading Mode"},"sceneLighting":false,"audioPlay":false,"sceneViewState":{"showFog":true,"showMaterialUpdate":false,"showSkybox":true,"showFlares":true,"showImageEffects":true,"showParticleSystems":true},"in2DMode":false,"pivot":{"x":-0.005750705953687429,"y":-0.013376504182815552,"z":0.209114670753479},"rotation":{"x":-0.2160966843366623,"y":0.0049756974913179878,"z":-0.0011021567042917014,"w":-0.9763587117195129},"size":0.3194616138935089,"orthographic":false}