{"cameraMode":{"drawMode":0,"name":"Shaded","section":"Shading Mode"},"sceneLighting":false,"audioPlay":false,"sceneViewState":{"showFog":true,"showMaterialUpdate":false,"showSkybox":true,"showFlares":true,"showImageEffects":true,"showParticleSystems":true},"in2DMode":false,"pivot":{"x":305.7042236328125,"y":363.409912109375,"z":-58.29437255859375},"rotation":{"x":-0.00031620514346286654,"y":-0.0009037088602781296,"z":-5.831582825521764e-7,"w":-0.9999995827674866},"size":625.3377685546875,"orthographic":false}