{"cameraMode":{"drawMode":0,"name":"Shaded","section":"Shading Mode"},"sceneLighting":false,"audioPlay":false,"sceneViewState":{"showFog":true,"showMaterialUpdate":false,"showSkybox":true,"showFlares":true,"showImageEffects":true,"showParticleSystems":true},"in2DMode":false,"pivot":{"x":0.017126668244600297,"y":0.06286963075399399,"z":0.06521550565958023},"rotation":{"x":-0.24091650545597077,"y":0.002035454148426652,"z":-0.0005054387729614973,"w":-0.970543622970581},"size":0.19046562910079957,"orthographic":false}