{"cameraMode":{"drawMode":0,"name":"Shaded","section":"Shading Mode"},"sceneLighting":false,"audioPlay":false,"sceneViewState":{"showFog":true,"showMaterialUpdate":false,"showSkybox":true,"showFlares":true,"showImageEffects":true,"showParticleSystems":true},"in2DMode":false,"pivot":{"x":0.006716103293001652,"y":0.10534294694662094,"z":0.049048811197280887},"rotation":{"x":-0.2612471878528595,"y":-0.003768244758248329,"z":0.0010189908789470792,"w":-0.9652640223503113},"size":0.16441889107227326,"orthographic":false}