{"cameraMode":{"drawMode":0,"name":"Shaded","section":"Shading Mode"},"sceneLighting":false,"audioPlay":false,"sceneViewState":{"showFog":true,"showMaterialUpdate":false,"showSkybox":true,"showFlares":true,"showImageEffects":true,"showParticleSystems":true},"in2DMode":false,"pivot":{"x":-0.01787545159459114,"y":0.08156125247478485,"z":-0.011745214462280274},"rotation":{"x":-0.22045275568962098,"y":0.016675038263201715,"z":-0.0037694349884986879,"w":-0.9752478003501892},"size":0.07983269542455673,"orthographic":false}