{"cameraMode":{"drawMode":0,"name":"Shaded","section":"Shading Mode"},"sceneLighting":false,"audioPlay":false,"sceneViewState":{"showFog":true,"showMaterialUpdate":false,"showSkybox":true,"showFlares":true,"showImageEffects":true,"showParticleSystems":true},"in2DMode":false,"pivot":{"x":0.008605008013546467,"y":0.07149757444858551,"z":0.03774932771921158},"rotation":{"x":-0.24673737585544587,"y":-0.0023289434611797334,"z":0.000592293159570545,"w":-0.9690794348716736},"size":0.16866639256477357,"orthographic":false}