{"cameraMode":{"drawMode":0,"name":"Shaded","section":"Shading Mode"},"sceneLighting":false,"audioPlay":false,"sceneViewState":{"showFog":true,"showMaterialUpdate":false,"showSkybox":true,"showFlares":true,"showImageEffects":true,"showParticleSystems":true},"in2DMode":false,"pivot":{"x":-0.005983138922601938,"y":0.06682322919368744,"z":-0.008757226169109345},"rotation":{"x":-0.26703083515167239,"y":0.002020567888393998,"z":-0.0005602046730928123,"w":-0.9636856913566589},"size":0.10673616081476212,"orthographic":false}