{"cameraMode":{"drawMode":0,"name":"Shaded","section":"Shading Mode"},"sceneLighting":false,"audioPlay":false,"sceneViewState":{"showFog":true,"showMaterialUpdate":false,"showSkybox":true,"showFlares":true,"showImageEffects":true,"showParticleSystems":true},"in2DMode":false,"pivot":{"x":-0.010922449640929699,"y":0.09660859405994415,"z":0.01794205605983734},"rotation":{"x":-0.2583449184894562,"y":-0.006668661721050739,"z":0.001782698673196137,"w":-0.966028094291687},"size":0.11667296290397644,"orthographic":false}