{"cameraMode":{"drawMode":0,"name":"Shaded","section":"Shading Mode"},"sceneLighting":false,"audioPlay":false,"sceneViewState":{"showFog":true,"showMaterialUpdate":false,"showSkybox":true,"showFlares":true,"showImageEffects":true,"showParticleSystems":true},"in2DMode":false,"pivot":{"x":-0.024267271161079408,"y":0.08210044354200363,"z":-0.04850974678993225},"rotation":{"x":-0.2481905221939087,"y":-0.0008750629494898021,"z":0.0002241339534521103,"w":-0.9687108397483826},"size":0.06878042966127396,"orthographic":false}