{"cameraMode":{"drawMode":0,"name":"Shaded","section":"Shading Mode"},"sceneLighting":false,"audioPlay":false,"sceneViewState":{"showFog":true,"showMaterialUpdate":false,"showSkybox":true,"showFlares":true,"showImageEffects":true,"showParticleSystems":true},"in2DMode":false,"pivot":{"x":0.03550468385219574,"y":0.1304711401462555,"z":-0.005449205636978149},"rotation":{"x":-0.08421103656291962,"y":-0.008371727541089058,"z":0.0007074397290125489,"w":-0.9964125752449036},"size":0.10329288244247437,"orthographic":false}