{"cameraMode":{"drawMode":0,"name":"Shaded","section":"Shading Mode"},"sceneLighting":false,"audioPlay":false,"sceneViewState":{"showFog":true,"showMaterialUpdate":false,"showSkybox":true,"showFlares":true,"showImageEffects":true,"showParticleSystems":true},"in2DMode":false,"pivot":{"x":0.00026255962438881397,"y":0.06987778097391129,"z":0.059917375445365909},"rotation":{"x":0.26268815994262698,"y":-0.00693594990298152,"z":0.0018915262771770359,"w":0.9648540616035461},"size":0.1924673616886139,"orthographic":false}