{"cameraMode":{"drawMode":0,"name":"Shaded","section":"Shading Mode"},"sceneLighting":false,"audioPlay":false,"sceneViewState":{"showFog":true,"showMaterialUpdate":false,"showSkybox":true,"showFlares":true,"showImageEffects":true,"showParticleSystems":true},"in2DMode":false,"pivot":{"x":-0.00020147475879639387,"y":0.09946906566619873,"z":-0.0007945969700813293},"rotation":{"x":0.18228822946548463,"y":0.00030650573899038136,"z":-0.000053473540901904926,"w":0.9832450747489929},"size":0.08577881753444672,"orthographic":false}