{"cameraMode":{"drawMode":0,"name":"Shaded","section":"Shading Mode"},"sceneLighting":false,"audioPlay":false,"sceneViewState":{"showFog":true,"showMaterialUpdate":false,"showSkybox":true,"showFlares":true,"showImageEffects":true,"showParticleSystems":true},"in2DMode":false,"pivot":{"x":-0.00028123240917921066,"y":0.10605549067258835,"z":0.031146354973316194},"rotation":{"x":0.13332150876522065,"y":-0.036847662180662158,"z":0.004963632207363844,"w":0.9903752207756043},"size":0.12135696411132813,"orthographic":false}