{"cameraMode":{"drawMode":0,"name":"Shaded","section":"Shading Mode"},"sceneLighting":false,"audioPlay":false,"sceneViewState":{"showFog":true,"showMaterialUpdate":false,"showSkybox":true,"showFlares":true,"showImageEffects":true,"showParticleSystems":true},"in2DMode":false,"pivot":{"x":0.03571097180247307,"y":0.08836518228054047,"z":0.025426670908927919},"rotation":{"x":-0.25254493951797488,"y":0.0020292147528380157,"z":-0.0005296050803735852,"w":-0.9675828814506531},"size":0.13366511464118958,"orthographic":false}