{"cameraMode":{"drawMode":0,"name":"Shaded","section":"Shading Mode"},"sceneLighting":false,"audioPlay":false,"sceneViewState":{"showFog":true,"showMaterialUpdate":false,"showSkybox":true,"showFlares":true,"showImageEffects":true,"showParticleSystems":true},"in2DMode":false,"pivot":{"x":-0.0025128796696662904,"y":0.10059652477502823,"z":0.01100710779428482},"rotation":{"x":-0.08712437003850937,"y":-0.041233424097299579,"z":0.0036092442460358145,"w":-0.9953372478485107},"size":0.09909183531999588,"orthographic":false}