{"cameraMode":{"drawMode":0,"name":"Shaded","section":"Shading Mode"},"sceneLighting":false,"audioPlay":false,"sceneViewState":{"showFog":true,"showMaterialUpdate":false,"showSkybox":true,"showFlares":true,"showImageEffects":true,"showParticleSystems":true},"in2DMode":false,"pivot":{"x":0.008779794909060002,"y":0.10890752077102661,"z":-0.0024068281054496767},"rotation":{"x":-0.003309863153845072,"y":0.008096938021481038,"z":-0.00002682233571249526,"w":-0.9999617338180542},"size":0.08337453752756119,"orthographic":false}