{"cameraMode":{"drawMode":0,"name":"Shaded","section":"Shading Mode"},"sceneLighting":false,"audioPlay":false,"sceneViewState":{"showFog":true,"showMaterialUpdate":false,"showSkybox":true,"showFlares":true,"showImageEffects":true,"showParticleSystems":true},"in2DMode":false,"pivot":{"x":0.0652620792388916,"y":0.11863888800144196,"z":-0.00029762834310531616},"rotation":{"x":-0.018301919102668763,"y":-0.02789459377527237,"z":0.0005108164623379707,"w":-0.9994431734085083},"size":0.08087346702814102,"orthographic":false}