{"cameraMode":{"drawMode":0,"name":"Shaded","section":"Shading Mode"},"sceneLighting":false,"audioPlay":false,"sceneViewState":{"showFog":true,"showMaterialUpdate":false,"showSkybox":true,"showFlares":true,"showImageEffects":true,"showParticleSystems":true},"in2DMode":false,"pivot":{"x":0.0020423568785190584,"y":0.08289560675621033,"z":0.39603716135025027},"rotation":{"x":-0.02730369195342064,"y":0.01559037808328867,"z":-0.00042593764374032617,"w":-0.9995055794715881},"size":0.5166064500808716,"orthographic":false}