{"cameraMode":{"drawMode":0,"name":"Shaded","section":"Shading Mode"},"sceneLighting":false,"audioPlay":false,"sceneViewState":{"showFog":true,"showMaterialUpdate":false,"showSkybox":true,"showFlares":true,"showImageEffects":true,"showParticleSystems":true},"in2DMode":false,"pivot":{"x":0.03043183870613575,"y":0.10687056183815003,"z":-0.005666680634021759},"rotation":{"x":-0.04521460086107254,"y":-0.0593070350587368,"z":0.0026890200097113849,"w":-0.9972116947174072},"size":0.0664484053850174,"orthographic":false}