{"cameraMode":{"drawMode":0,"name":"Shaded","section":"Shading Mode"},"sceneLighting":false,"audioPlay":false,"sceneViewState":{"showFog":true,"showMaterialUpdate":false,"showSkybox":true,"showFlares":true,"showImageEffects":true,"showParticleSystems":true},"in2DMode":false,"pivot":{"x":-0.011755888350307942,"y":0.10095050185918808,"z":0.07822519540786743},"rotation":{"x":-0.00020715799473691732,"y":-0.9992706775665283,"z":0.037803277373313907,"w":-0.005388609133660793},"size":0.04588685184717178,"orthographic":false}