{"cameraMode":{"drawMode":0,"name":"Shaded","section":"Shading Mode"},"sceneLighting":false,"audioPlay":false,"sceneViewState":{"showFog":true,"showMaterialUpdate":false,"showSkybox":true,"showFlares":true,"showImageEffects":true,"showParticleSystems":true},"in2DMode":false,"pivot":{"x":-0.0005951430648565292,"y":0.1094299852848053,"z":-0.004542835056781769},"rotation":{"x":-0.02874218113720417,"y":0.06652025133371353,"z":-0.0019170008599758149,"w":-0.9973691701889038},"size":0.06932227313518524,"orthographic":false}