{"cameraMode":{"drawMode":0,"name":"Shaded","section":"Shading Mode"},"sceneLighting":false,"audioPlay":false,"sceneViewState":{"showFog":true,"showMaterialUpdate":false,"showSkybox":true,"showFlares":true,"showImageEffects":true,"showParticleSystems":true},"in2DMode":false,"pivot":{"x":-0.002987154293805361,"y":0.08459118008613587,"z":0.5046641230583191},"rotation":{"x":-0.003309863153845072,"y":0.008096938021481038,"z":-0.00002682233571249526,"w":-0.9999617338180542},"size":0.5615662336349487,"orthographic":false}