{"cameraMode":{"drawMode":0,"name":"Shaded","section":"Shading Mode"},"sceneLighting":false,"audioPlay":false,"sceneViewState":{"showFog":true,"showMaterialUpdate":false,"showSkybox":true,"showFlares":true,"showImageEffects":true,"showParticleSystems":true},"in2DMode":false,"pivot":{"x":0.022397659718990327,"y":0.10591677576303482,"z":0.024437516927719117},"rotation":{"x":-0.0527811236679554,"y":-0.012884465046226979,"z":0.0006810915656387806,"w":-0.9985227584838867},"size":0.11448558419942856,"orthographic":false}