{"cameraMode":{"drawMode":0,"name":"Shaded","section":"Shading Mode"},"sceneLighting":false,"audioPlay":false,"sceneViewState":{"showFog":true,"showMaterialUpdate":false,"showSkybox":true,"showFlares":true,"showImageEffects":true,"showParticleSystems":true},"in2DMode":false,"pivot":{"x":0.022193321958184243,"y":0.10773011296987534,"z":0.0018591023981571198},"rotation":{"x":-0.05428336188197136,"y":-0.0009014618117362261,"z":0.000049016467528417706,"w":-0.9985252022743225},"size":0.05953776836395264,"orthographic":false}