{"cameraMode":{"drawMode":0,"name":"Shaded","section":"Shading Mode"},"sceneLighting":false,"audioPlay":false,"sceneViewState":{"showFog":true,"showMaterialUpdate":false,"showSkybox":true,"showFlares":true,"showImageEffects":true,"showParticleSystems":true},"in2DMode":false,"pivot":{"x":0.03099999763071537,"y":0.0430000014603138,"z":-0.020000003278255464},"rotation":{"x":-0.16954539716243745,"y":-0.3417724072933197,"z":0.06282921880483628,"w":-0.922224760055542},"size":0.14385205507278443,"orthographic":false}