{"cameraMode":{"drawMode":0,"name":"Shaded","section":"Shading Mode"},"sceneLighting":false,"audioPlay":false,"sceneViewState":{"showFog":true,"showMaterialUpdate":false,"showSkybox":true,"showFlares":true,"showImageEffects":true,"showParticleSystems":true},"in2DMode":false,"pivot":{"x":0.004938826430588961,"y":0.10110536962747574,"z":0.0033193007111549379},"rotation":{"x":-0.08869196474552155,"y":-0.0053815897554159168,"z":0.00047918123891577125,"w":-0.9960445165634155},"size":0.09168824553489685,"orthographic":false}