{"cameraMode":{"drawMode":0,"name":"Shaded","section":"Shading Mode"},"sceneLighting":true,"audioPlay":false,"sceneViewState":{"showFog":true,"showMaterialUpdate":false,"showSkybox":true,"showFlares":true,"showImageEffects":true,"showParticleSystems":true},"in2DMode":false,"pivot":{"x":178.6661376953125,"y":164.3863067626953,"z":77.0191650390625},"rotation":{"x":-0.003309863153845072,"y":0.008096938021481038,"z":-0.00002682233571249526,"w":-0.9999617338180542},"size":607.913330078125,"orthographic":false}