{"cameraMode":{"drawMode":0,"name":"Shaded","section":"Shading Mode"},"sceneLighting":false,"audioPlay":false,"sceneViewState":{"showFog":true,"showMaterialUpdate":false,"showSkybox":true,"showFlares":true,"showImageEffects":true,"showParticleSystems":true},"in2DMode":false,"pivot":{"x":0.0006726806750521064,"y":0.11510495841503144,"z":-0.004442811012268066},"rotation":{"x":-0.04379543289542198,"y":0.005092083476483822,"z":-0.0002232384867966175,"w":-0.9990275502204895},"size":0.09816847741603852,"orthographic":false}