{"cameraMode":{"drawMode":0,"name":"Shaded","section":"Shading Mode"},"sceneLighting":false,"audioPlay":false,"sceneViewState":{"showFog":true,"showMaterialUpdate":false,"showSkybox":true,"showFlares":true,"showImageEffects":true,"showParticleSystems":true},"in2DMode":false,"pivot":{"x":-0.0014545414596796036,"y":0.10693955421447754,"z":-0.019473351538181306},"rotation":{"x":-0.19601082801818849,"y":-0.19360385835170747,"z":0.03950952738523483,"w":-0.9604876041412354},"size":0.07635125517845154,"orthographic":false}