{"cameraMode":{"drawMode":0,"name":"Shaded","section":"Shading Mode"},"sceneLighting":false,"audioPlay":false,"sceneViewState":{"showFog":true,"showMaterialUpdate":false,"showSkybox":true,"showFlares":true,"showImageEffects":true,"showParticleSystems":true},"in2DMode":false,"pivot":{"x":0.01662207953631878,"y":0.11150752753019333,"z":0.0166751891374588},"rotation":{"x":0.0011894749477505684,"y":-0.02939874306321144,"z":-0.000035007105907425284,"w":-0.9995670914649963},"size":0.09815086424350739,"orthographic":false}