{"cameraMode":{"drawMode":0,"name":"Shaded","section":"Shading Mode"},"sceneLighting":false,"audioPlay":false,"sceneViewState":{"showFog":true,"showMaterialUpdate":false,"showSkybox":true,"showFlares":true,"showImageEffects":true,"showParticleSystems":true},"in2DMode":false,"pivot":{"x":0.38225626945495608,"y":-0.19178703427314759,"z":0.9319538474082947},"rotation":{"x":-0.09139244258403778,"y":-0.1938055455684662,"z":0.018136650323867799,"w":-0.9766053557395935},"size":1.5602951049804688,"orthographic":false}