{"cameraMode":{"drawMode":0,"name":"Shaded","section":"Shading Mode"},"sceneLighting":false,"audioPlay":false,"sceneViewState":{"showFog":true,"showMaterialUpdate":false,"showSkybox":true,"showFlares":true,"showImageEffects":true,"showParticleSystems":true},"in2DMode":false,"pivot":{"x":0.013835625723004341,"y":0.10775568336248398,"z":0.004664093255996704},"rotation":{"x":-0.006309938617050648,"y":0.0020969577599316837,"z":-0.000013254082659841515,"w":-0.9999778866767883},"size":0.08118639141321182,"orthographic":false}