{"cameraMode":{"drawMode":0,"name":"Shaded","section":"Shading Mode"},"sceneLighting":false,"audioPlay":false,"sceneViewState":{"showFog":true,"showMaterialUpdate":false,"showSkybox":true,"showFlares":true,"showImageEffects":true,"showParticleSystems":true},"in2DMode":false,"pivot":{"x":-0.004013396799564362,"y":0.10028927773237229,"z":-0.0029312744736671449},"rotation":{"x":0.028806960210204126,"y":0.012305786833167076,"z":-0.00035137010854668915,"w":0.9995092153549194},"size":0.08577881753444672,"orthographic":false}