{"cameraMode":{"drawMode":0,"name":"Shaded","section":"Shading Mode"},"sceneLighting":false,"audioPlay":false,"sceneViewState":{"showFog":true,"showMaterialUpdate":false,"showSkybox":true,"showFlares":true,"showImageEffects":true,"showParticleSystems":true},"in2DMode":false,"pivot":{"x":0.008213860914111138,"y":0.11612842231988907,"z":0.0035916417837142946},"rotation":{"x":-0.012308507226407528,"y":0.014095619320869446,"z":-0.00017354387091472745,"w":-0.9998248815536499},"size":0.054333899170160297,"orthographic":false}