{"cameraMode":{"drawMode":0,"name":"Shaded","section":"Shading Mode"},"sceneLighting":false,"audioPlay":false,"sceneViewState":{"showFog":true,"showMaterialUpdate":false,"showSkybox":true,"showFlares":true,"showImageEffects":true,"showParticleSystems":true},"in2DMode":false,"pivot":{"x":0.006949264090508223,"y":0.11983712017536164,"z":-0.0015850625932216645},"rotation":{"x":-0.03030402585864067,"y":0.009592662565410138,"z":-0.0002908202586695552,"w":-0.9994946718215942},"size":0.06024481728672981,"orthographic":false}