{"cameraMode":{"drawMode":0,"name":"Shaded","section":"Shading Mode"},"sceneLighting":false,"audioPlay":false,"sceneViewState":{"showFog":true,"showMaterialUpdate":false,"showSkybox":true,"showFlares":true,"showImageEffects":true,"showParticleSystems":true},"in2DMode":false,"pivot":{"x":0.0832602009177208,"y":0.036552563309669498,"z":-0.012397527694702149},"rotation":{"x":-0.04973345249891281,"y":-0.04732641577720642,"z":0.0023592577781528236,"w":-0.9976378083229065},"size":1.321882963180542,"orthographic":false}