{"cameraMode":{"drawMode":0,"name":"Shaded","section":"Shading Mode"},"sceneLighting":false,"audioPlay":false,"sceneViewState":{"showFog":true,"showMaterialUpdate":false,"showSkybox":true,"showFlares":true,"showImageEffects":true,"showParticleSystems":true},"in2DMode":false,"pivot":{"x":0.01336878165602684,"y":0.1273583173751831,"z":0.0021924078464508058},"rotation":{"x":-0.04529296234250069,"y":0.008088684640824795,"z":-0.0003667721466626972,"w":-0.9989410042762756},"size":0.1894381195306778,"orthographic":false}